rank,code,color1,color2,color3,color4,likes,age,source_url,sort,timeframe_days,scraped_at_utc
1,e3fdfdcbf1f5a6e3e971c9ce,#E3FDFD,#CBF1F5,#A6E3E9,#71C9CE,47169,"9 years",https://colorhunt.co/palette/e3fdfdcbf1f5a6e3e971c9ce,popular,4000,2026-09-15T10:15:00+00:00
2,f9f7f7dbe2ef3f72af112d4e,#F9F7F7,#DBE2EF,#3F72AF,#112D4E,46229,"10 years",https://colorhunt.co/palette/f9f7f7dbe2ef3f72af112d4e,popular,4000,2026-09-15T10:15:00+00:00
3,fff5e4ffe3e1ffd1d1ff9494,#FFF5E4,#FFE3E1,#FFD1D1,#FF9494,42113,"3 years",https://colorhunt.co/palette/fff5e4ffe3e1ffd1d1ff9494,popular,4000,2026-09-15T10:15:00+00:00
4,f9f5f6f8e8eefdcedff2bed1,#F9F5F6,#F8E8EE,#FDCEDF,#F2BED1,41816,"3 years",https://colorhunt.co/palette/f9f5f6f8e8eefdcedff2bed1,popular,4000,2026-09-15T10:15:00+00:00
5,ad8b73ceab93e3caa5fffbe9,#AD8B73,#CEAB93,#E3CAA5,#FFFBE9,38742,"4 years",https://colorhunt.co/palette/ad8b73ceab93e3caa5fffbe9,popular,4000,2026-09-15T10:15:00+00:00
6,ffc7c7ffe2e2f6f6f68785a2,#FFC7C7,#FFE2E2,#F6F6F6,#8785A2,38579,"8 years",https://colorhunt.co/palette/ffc7c7ffe2e2f6f6f68785a2,popular,4000,2026-09-15T10:15:00+00:00
7,f4eeffdcd6f7a6b1e1424874,#F4EEFF,#DCD6F7,#A6B1E1,#424874,38044,"6 years",https://colorhunt.co/palette/f4eeffdcd6f7a6b1e1424874,popular,4000,2026-09-15T10:15:00+00:00
8,1b262c0f4c753282b8bbe1fa,#1B262C,#0F4C75,#3282B8,#BBE1FA,36123,"6 years",https://colorhunt.co/palette/1b262c0f4c753282b8bbe1fa,popular,4000,2026-09-15T10:15:00+00:00
9,27374d526d829db2bfdde6ed,#27374D,#526D82,#9DB2BF,#DDE6ED,35984,"3 years",https://colorhunt.co/palette/27374d526d829db2bfdde6ed,popular,4000,2026-09-15T10:15:00+00:00
10,08d9d6252a34ff2e63eaeaea,#08D9D6,#252A34,#FF2E63,#EAEAEA,35314,"10 years",https://colorhunt.co/palette/08d9d6252a34ff2e63eaeaea,popular,4000,2026-09-15T10:15:00+00:00
11,f38181fce38aeaffd095e1d3,#F38181,#FCE38A,#EAFFD0,#95E1D3,33397,"10 years",https://colorhunt.co/palette/f38181fce38aeaffd095e1d3,popular,4000,2026-09-15T10:15:00+00:00
12,b1b2ffaac4ffd2daffeef1ff,#B1B2FF,#AAC4FF,#D2DAFF,#EEF1FF,32992,"4 years",https://colorhunt.co/palette/b1b2ffaac4ffd2daffeef1ff,popular,4000,2026-09-15T10:15:00+00:00
13,b7c4cfeee3cbd7c0ae967e76,#B7C4CF,#EEE3CB,#D7C0AE,#967E76,32149,"4 years",https://colorhunt.co/palette/b7c4cfeee3cbd7c0ae967e76,popular,4000,2026-09-15T10:15:00+00:00
14,6096b493bfcfbdcdd6eee9da,#6096B4,#93BFCF,#BDCDD6,#EEE9DA,31828,"3 years",https://colorhunt.co/palette/6096b493bfcfbdcdd6eee9da,popular,4000,2026-09-15T10:15:00+00:00
15,ffb6b9fae3d9bbded661c0bf,#FFB6B9,#FAE3D9,#BBDED6,#61C0BF,30418,"8 years",https://colorhunt.co/palette/ffb6b9fae3d9bbded661c0bf,popular,4000,2026-09-15T10:15:00+00:00
16,a8d8eaaa96dafcbad3ffffd2,#A8D8EA,#AA96DA,#FCBAD3,#FFFFD2,30375,"10 years",https://colorhunt.co/palette/a8d8eaaa96dafcbad3ffffd2,popular,4000,2026-09-15T10:15:00+00:00
17,ffeddbedcdbbe3b7a0bf9270,#FFEDDB,#EDCDBB,#E3B7A0,#BF9270,30109,"4 years",https://colorhunt.co/palette/ffeddbedcdbbe3b7a0bf9270,popular,4000,2026-09-15T10:15:00+00:00
18,8d7b68a4907cc8b6a6f1dec9,#8D7B68,#A4907C,#C8B6A6,#F1DEC9,29902,"3 years",https://colorhunt.co/palette/8d7b68a4907cc8b6a6f1dec9,popular,4000,2026-09-15T10:15:00+00:00
19,7d5a50b4846ce5b299fcdec0,#7D5A50,#B4846C,#E5B299,#FCDEC0,28710,"5 years",https://colorhunt.co/palette/7d5a50b4846ce5b299fcdec0,popular,4000,2026-09-15T10:15:00+00:00
20,f8ede3bdd2b6a2b29f798777,#F8EDE3,#BDD2B6,#A2B29F,#798777,28204,"5 years",https://colorhunt.co/palette/f8ede3bdd2b6a2b29f798777,popular,4000,2026-09-15T10:15:00+00:00
21,fff8ea9e7676815b5b594545,#FFF8EA,#9E7676,#815B5B,#594545,27898,"3 years",https://colorhunt.co/palette/fff8ea9e7676815b5b594545,popular,4000,2026-09-15T10:15:00+00:00
22,364f6b3fc1c9f5f5f5fc5185,#364F6B,#3FC1C9,#F5F5F5,#FC5185,27859,"10 years",https://colorhunt.co/palette/364f6b3fc1c9f5f5f5fc5185,popular,4000,2026-09-15T10:15:00+00:00
23,2c36393f4e4fa27b5cdcd7c9,#2C3639,#3F4E4F,#A27B5C,#DCD7C9,27685,"4 years",https://colorhunt.co/palette/2c36393f4e4fa27b5cdcd7c9,popular,4000,2026-09-15T10:15:00+00:00
24,fcd1d1ece2e1d3e0dcaee1e1,#FCD1D1,#ECE2E1,#D3E0DC,#AEE1E1,27455,"5 years",https://colorhunt.co/palette/fcd1d1ece2e1d3e0dcaee1e1,popular,4000,2026-09-15T10:15:00+00:00
25,ffe6e6f2d1d1daeaf1c6dce4,#FFE6E6,#F2D1D1,#DAEAF1,#C6DCE4,27376,"4 years",https://colorhunt.co/palette/ffe6e6f2d1d1daeaf1c6dce4,popular,4000,2026-09-15T10:15:00+00:00
26,defcf9cadefcc3bef0cca8e9,#DEFCF9,#CADEFC,#C3BEF0,#CCA8E9,27290,"9 years",https://colorhunt.co/palette/defcf9cadefcc3bef0cca8e9,popular,4000,2026-09-15T10:15:00+00:00
27,f5efe6e8dfcaaebdca7895b2,#F5EFE6,#E8DFCA,#AEBDCA,#7895B2,26738,"3 years",https://colorhunt.co/palette/f5efe6e8dfcaaebdca7895b2,popular,4000,2026-09-15T10:15:00+00:00
28,edf1d69dc08b60996640513b,#EDF1D6,#9DC08B,#609966,#40513B,26294,"3 years",https://colorhunt.co/palette/edf1d69dc08b60996640513b,popular,4000,2026-09-15T10:15:00+00:00
29,867070d5b4b4e4d0d0f5ebeb,#867070,#D5B4B4,#E4D0D0,#F5EBEB,25964,"3 years",https://colorhunt.co/palette/867070d5b4b4e4d0d0f5ebeb,popular,4000,2026-09-15T10:15:00+00:00
30,f7fbfcd6e6f2b9d7ea769fcd,#F7FBFC,#D6E6F2,#B9D7EA,#769FCD,25618,"10 years",https://colorhunt.co/palette/f7fbfcd6e6f2b9d7ea769fcd,popular,4000,2026-09-15T10:15:00+00:00
31,fefcf3f5ebe0f0dbdbdba39a,#FEFCF3,#F5EBE0,#F0DBDB,#DBA39A,25494,"3 years",https://colorhunt.co/palette/fefcf3f5ebe0f0dbdbdba39a,popular,4000,2026-09-15T10:15:00+00:00
32,96b6c5adc4ceeee0c9f1f0e8,#96B6C5,#ADC4CE,#EEE0C9,#F1F0E8,25285,"3 years",https://colorhunt.co/palette/96b6c5adc4ceeee0c9f1f0e8,popular,4000,2026-09-15T10:15:00+00:00
33,f67280c06c846c5b7b355c7d,#F67280,#C06C84,#6C5B7B,#355C7D,25231,"8 years",https://colorhunt.co/palette/f67280c06c846c5b7b355c7d,popular,4000,2026-09-15T10:15:00+00:00
34,c4dfdfd2e9e9e3f4f4f8f6f4,#C4DFDF,#D2E9E9,#E3F4F4,#F8F6F4,25012,"3 years",https://colorhunt.co/palette/c4dfdfd2e9e9e3f4f4f8f6f4,popular,4000,2026-09-15T10:15:00+00:00
35,fcd8d4fdf6f0f8e2cff5c6aa,#FCD8D4,#FDF6F0,#F8E2CF,#F5C6AA,24752,"5 years",https://colorhunt.co/palette/fcd8d4fdf6f0f8e2cff5c6aa,popular,4000,2026-09-15T10:15:00+00:00
36,2121213232320d737714ffec,#212121,#323232,#0D7377,#14FFEC,24630,"9 years",https://colorhunt.co/palette/2121213232320d737714ffec,popular,4000,2026-09-15T10:15:00+00:00
37,0000003d0000950101ff0000,#000000,#3D0000,#950101,#FF0000,24111,"4 years",https://colorhunt.co/palette/0000003d0000950101ff0000,popular,4000,2026-09-15T10:15:00+00:00
38,93b5c6c9ccd5e4d8dcffe3e3,#93B5C6,#C9CCD5,#E4D8DC,#FFE3E3,24011,"5 years",https://colorhunt.co/palette/93b5c6c9ccd5e4d8dcffe3e3,popular,4000,2026-09-15T10:15:00+00:00
39,f5f7f8f4ce14495e5745474b,#F5F7F8,#F4CE14,#495E57,#45474B,23746,"2 years",https://colorhunt.co/palette/f5f7f8f4ce14495e5745474b,popular,4000,2026-09-15T10:15:00+00:00
40,f8ede3dfd3c3d0b8a87d6e83,#F8EDE3,#DFD3C3,#D0B8A8,#7D6E83,23349,"3 years",https://colorhunt.co/palette/f8ede3dfd3c3d0b8a87d6e83,popular,4000,2026-09-15T10:15:00+00:00
41,fdefeff4dfd0dad0c2cdbba7,#FDEFEF,#F4DFD0,#DAD0C2,#CDBBA7,22835,"5 years",https://colorhunt.co/palette/fdefeff4dfd0dad0c2cdbba7,popular,4000,2026-09-15T10:15:00+00:00
42,e4f9f530e3ca11999e40514e,#E4F9F5,#30E3CA,#11999E,#40514E,22667,"10 years",https://colorhunt.co/palette/e4f9f530e3ca11999e40514e,popular,4000,2026-09-15T10:15:00+00:00
43,f6f6f6ffe2e2ffc7c7aaaaaa,#F6F6F6,#FFE2E2,#FFC7C7,#AAAAAA,22305,"5 years",https://colorhunt.co/palette/f6f6f6ffe2e2ffc7c7aaaaaa,popular,4000,2026-09-15T10:15:00+00:00
44,a75d5dd3756bf0997dffc3a1,#A75D5D,#D3756B,#F0997D,#FFC3A1,22100,"3 years",https://colorhunt.co/palette/a75d5dd3756bf0997dffc3a1,popular,4000,2026-09-15T10:15:00+00:00
45,f3eeeaebe3d5b0a695776b5d,#F3EEEA,#EBE3D5,#B0A695,#776B5D,22030,"2 years",https://colorhunt.co/palette/f3eeeaebe3d5b0a695776b5d,popular,4000,2026-09-15T10:15:00+00:00
46,f2d7d9d3cedf9cb4cc748da6,#F2D7D9,#D3CEDF,#9CB4CC,#748DA6,21954,"4 years",https://colorhunt.co/palette/f2d7d9d3cedf9cb4cc748da6,popular,4000,2026-09-15T10:15:00+00:00
47,e23e5788304e522546311d3f,#E23E57,#88304E,#522546,#311D3F,21935,"10 years",https://colorhunt.co/palette/e23e5788304e522546311d3f,popular,4000,2026-09-15T10:15:00+00:00
48,fef5edd3e4cdadc2a999a799,#FEF5ED,#D3E4CD,#ADC2A9,#99A799,21878,"4 years",https://colorhunt.co/palette/fef5edd3e4cdadc2a999a799,popular,4000,2026-09-15T10:15:00+00:00
49,0a26471442722052952c74b3,#0A2647,#144272,#205295,#2C74B3,21847,"3 years",https://colorhunt.co/palette/0a26471442722052952c74b3,popular,4000,2026-09-15T10:15:00+00:00
50,bad7dfffe2e2f6f6f699ddcc,#BAD7DF,#FFE2E2,#F6F6F6,#99DDCC,21702,"8 years",https://colorhunt.co/palette/bad7dfffe2e2f6f6f699ddcc,popular,4000,2026-09-15T10:15:00+00:00
51,ff9292ffb4b4ffdcdcffe8e8,#FF9292,#FFB4B4,#FFDCDC,#FFE8E8,21634,"5 years",https://colorhunt.co/palette/ff9292ffb4b4ffdcdcffe8e8,popular,4000,2026-09-15T10:15:00+00:00
52,ffeeccffddccffccccfebbcc,#FFEECC,#FFDDCC,#FFCCCC,#FEBBCC,21595,"3 years",https://colorhunt.co/palette/ffeeccffddccffccccfebbcc,popular,4000,2026-09-15T10:15:00+00:00
53,f6f5f2f0ebe3f3d0d7ffefef,#F6F5F2,#F0EBE3,#F3D0D7,#FFEFEF,21278,"2 years",https://colorhunt.co/palette/f6f5f2f0ebe3f3d0d7ffefef,popular,4000,2026-09-15T10:15:00+00:00
54,ffd5cdefbbcfc3aed68675a9,#FFD5CD,#EFBBCF,#C3AED6,#8675A9,21185,"5 years",https://colorhunt.co/palette/ffd5cdefbbcfc3aed68675a9,popular,4000,2026-09-15T10:15:00+00:00
55,ffcfdffefdcae0f9b5a5dee5,#FFCFDF,#FEFDCA,#E0F9B5,#A5DEE5,20878,"9 years",https://colorhunt.co/palette/ffcfdffefdcae0f9b5a5dee5,popular,4000,2026-09-15T10:15:00+00:00
56,fff5e4ffc4c4ee6983850e35,#FFF5E4,#FFC4C4,#EE6983,#850E35,20847,"4 years",https://colorhunt.co/palette/fff5e4ffc4c4ee6983850e35,popular,4000,2026-09-15T10:15:00+00:00
57,f5eee6fff8e3f3d7cae6a4b4,#F5EEE6,#FFF8E3,#F3D7CA,#E6A4B4,20746,"2 years",https://colorhunt.co/palette/f5eee6fff8e3f3d7cae6a4b4,popular,4000,2026-09-15T10:15:00+00:00
58,2c3333395b64a5c9cae7f6f2,#2C3333,#395B64,#A5C9CA,#E7F6F2,20674,"4 years",https://colorhunt.co/palette/2c3333395b64a5c9cae7f6f2,popular,4000,2026-09-15T10:15:00+00:00
59,ffd4d4ffffe8cde990aacb73,#FFD4D4,#FFFFE8,#CDE990,#AACB73,20474,"3 years",https://colorhunt.co/palette/ffd4d4ffffe8cde990aacb73,popular,4000,2026-09-15T10:15:00+00:00
60,eac7c7a0c3d2f7f5ebeae0da,#EAC7C7,#A0C3D2,#F7F5EB,#EAE0DA,20317,"3 years",https://colorhunt.co/palette/eac7c7a0c3d2f7f5ebeae0da,popular,4000,2026-09-15T10:15:00+00:00
61,f0ebe3e4dccf7d9d9c576f72,#F0EBE3,#E4DCCF,#7D9D9C,#576F72,20306,"4 years",https://colorhunt.co/palette/f0ebe3e4dccf7d9d9c576f72,popular,4000,2026-09-15T10:15:00+00:00
62,e5d9b6a4be7b5f8d4e285430,#E5D9B6,#A4BE7B,#5F8D4E,#285430,20083,"3 years",https://colorhunt.co/palette/e5d9b6a4be7b5f8d4e285430,popular,4000,2026-09-15T10:15:00+00:00
63,a9907ef3debaabc4aa675d50,#A9907E,#F3DEBA,#ABC4AA,#675D50,20070,"3 years",https://colorhunt.co/palette/a9907ef3debaabc4aa675d50,popular,4000,2026-09-15T10:15:00+00:00
64,be9fe1c9b6e4e1ccecf1f1f6,#BE9FE1,#C9B6E4,#E1CCEC,#F1F1F6,20042,"6 years",https://colorhunt.co/palette/be9fe1c9b6e4e1ccecf1f1f6,popular,4000,2026-09-15T10:15:00+00:00
65,222831393e46ffd369eeeeee,#222831,#393E46,#FFD369,#EEEEEE,20036,"5 years",https://colorhunt.co/palette/222831393e46ffd369eeeeee,popular,4000,2026-09-15T10:15:00+00:00
66,f8ede3dfd3c3d0b8a885586f,#F8EDE3,#DFD3C3,#D0B8A8,#85586F,19763,"3 years",https://colorhunt.co/palette/f8ede3dfd3c3d0b8a885586f,popular,4000,2026-09-15T10:15:00+00:00
67,040d12183d3d5c837493b1a6,#040D12,#183D3D,#5C8374,#93B1A6,19647,"3 years",https://colorhunt.co/palette/040d12183d3d5c837493b1a6,popular,4000,2026-09-15T10:15:00+00:00
68,00b8a9f8f3d4f6416cffde7d,#00B8A9,#F8F3D4,#F6416C,#FFDE7D,19457,"10 years",https://colorhunt.co/palette/00b8a9f8f3d4f6416cffde7d,popular,4000,2026-09-15T10:15:00+00:00
69,ccd5aee9edc9fefae0faedcd,#CCD5AE,#E9EDC9,#FEFAE0,#FAEDCD,19390,"3 years",https://colorhunt.co/palette/ccd5aee9edc9fefae0faedcd,popular,4000,2026-09-15T10:15:00+00:00
70,feffdeddffbc91c78852734d,#FEFFDE,#DDFFBC,#91C788,#52734D,19293,"5 years",https://colorhunt.co/palette/feffdeddffbc91c78852734d,popular,4000,2026-09-15T10:15:00+00:00
71,5f6f52a9b388fefae0b99470,#5F6F52,#A9B388,#FEFAE0,#B99470,19259,"2 years",https://colorhunt.co/palette/5f6f52a9b388fefae0b99470,popular,4000,2026-09-15T10:15:00+00:00
72,b5eaeaedf6e5ffbcbcf38ba0,#B5EAEA,#EDF6E5,#FFBCBC,#F38BA0,19218,"5 years",https://colorhunt.co/palette/b5eaeaedf6e5ffbcbcf38ba0,popular,4000,2026-09-15T10:15:00+00:00
73,2d4059ea5455f07b3fffd460,#2D4059,#EA5455,#F07B3F,#FFD460,19077,"10 years",https://colorhunt.co/palette/2d4059ea5455f07b3fffd460,popular,4000,2026-09-15T10:15:00+00:00
74,ffb9b9ffddd2ffacc7ff8dc7,#FFB9B9,#FFDDD2,#FFACC7,#FF8DC7,19024,"3 years",https://colorhunt.co/palette/ffb9b9ffddd2ffacc7ff8dc7,popular,4000,2026-09-15T10:15:00+00:00
75,f6f4eb91c8e4749bc24682a9,#F6F4EB,#91C8E4,#749BC2,#4682A9,18849,"3 years",https://colorhunt.co/palette/f6f4eb91c8e4749bc24682a9,popular,4000,2026-09-15T10:15:00+00:00
76,fcf8e8d4e2d4ecb390df7861,#FCF8E8,#D4E2D4,#ECB390,#DF7861,18786,"5 years",https://colorhunt.co/palette/fcf8e8d4e2d4ecb390df7861,popular,4000,2026-09-15T10:15:00+00:00
77,9babb8eee3cbd7c0ae967e76,#9BABB8,#EEE3CB,#D7C0AE,#967E76,18730,"3 years",https://colorhunt.co/palette/9babb8eee3cbd7c0ae967e76,popular,4000,2026-09-15T10:15:00+00:00
78,a0937de7d4b5f6e6cbe3cdc1,#A0937D,#E7D4B5,#F6E6CB,#E3CDC1,18716,"5 years",https://colorhunt.co/palette/a0937de7d4b5f6e6cbe3cdc1,popular,4000,2026-09-15T10:15:00+00:00
79,def5e5bcead59ed5c58ec3b0,#DEF5E5,#BCEAD5,#9ED5C5,#8EC3B0,18630,"3 years",https://colorhunt.co/palette/def5e5bcead59ed5c58ec3b0,popular,4000,2026-09-15T10:15:00+00:00
80,5f71616d8b74efead8d0c9c0,#5F7161,#6D8B74,#EFEAD8,#D0C9C0,18469,"4 years",https://colorhunt.co/palette/5f71616d8b74efead8d0c9c0,popular,4000,2026-09-15T10:15:00+00:00
81,3951444e6c50aa8b56f0ebce,#395144,#4E6C50,#AA8B56,#F0EBCE,18311,"3 years",https://colorhunt.co/palette/3951444e6c50aa8b56f0ebce,popular,4000,2026-09-15T10:15:00+00:00
82,b5c0d0ccd3caf5e8ddeed3d9,#B5C0D0,#CCD3CA,#F5E8DD,#EED3D9,18259,"2 years",https://colorhunt.co/palette/b5c0d0ccd3caf5e8ddeed3d9,popular,4000,2026-09-15T10:15:00+00:00
83,cdf0eaf9f9f9f7dbf0beaee2,#CDF0EA,#F9F9F9,#F7DBF0,#BEAEE2,18240,"5 years",https://colorhunt.co/palette/cdf0eaf9f9f9f7dbf0beaee2,popular,4000,2026-09-15T10:15:00+00:00
84,7d5a5af1d1d1f3e1e1faf2f2,#7D5A5A,#F1D1D1,#F3E1E1,#FAF2F2,18214,"6 years",https://colorhunt.co/palette/7d5a5af1d1d1f3e1e1faf2f2,popular,4000,2026-09-15T10:15:00+00:00
85,d14d72ffababfcc8d1fef2f4,#D14D72,#FFABAB,#FCC8D1,#FEF2F4,18189,"3 years",https://colorhunt.co/palette/d14d72ffababfcc8d1fef2f4,popular,4000,2026-09-15T10:15:00+00:00
86,00000052057b892cdcbc6ff1,#000000,#52057B,#892CDC,#BC6FF1,18151,"5 years",https://colorhunt.co/palette/00000052057b892cdcbc6ff1,popular,4000,2026-09-15T10:15:00+00:00
87,f1f6f9394867212a3e9ba4b5,#F1F6F9,#394867,#212A3E,#9BA4B5,18127,"3 years",https://colorhunt.co/palette/f1f6f9394867212a3e9ba4b5,popular,4000,2026-09-15T10:15:00+00:00
88,a79277d1bb9eead8c0fff2e1,#A79277,#D1BB9E,#EAD8C0,#FFF2E1,18004,"2 years",https://colorhunt.co/palette/a79277d1bb9eead8c0fff2e1,popular,4000,2026-09-15T10:15:00+00:00
89,1a120b3c2a21d5cea3e5e5cb,#1A120B,#3C2A21,#D5CEA3,#E5E5CB,17882,"3 years",https://colorhunt.co/palette/1a120b3c2a21d5cea3e5e5cb,popular,4000,2026-09-15T10:15:00+00:00
90,14285027496d0c7b9300a8cc,#142850,#27496D,#0C7B93,#00A8CC,17827,"6 years",https://colorhunt.co/palette/14285027496d0c7b9300a8cc,popular,4000,2026-09-15T10:15:00+00:00
91,a8e6cfdcedc1ffd3b6ffaaa5,#A8E6CF,#DCEDC1,#FFD3B6,#FFAAA5,17810,"9 years",https://colorhunt.co/palette/a8e6cfdcedc1ffd3b6ffaaa5,popular,4000,2026-09-15T10:15:00+00:00
92,eac696c8ae7d76582765451f,#EAC696,#C8AE7D,#765827,#65451F,17769,"3 years",https://colorhunt.co/palette/eac696c8ae7d76582765451f,popular,4000,2026-09-15T10:15:00+00:00
93,3c625561876ea6bb8deae7b1,#3C6255,#61876E,#A6BB8D,#EAE7B1,17706,"3 years",https://colorhunt.co/palette/3c625561876ea6bb8deae7b1,popular,4000,2026-09-15T10:15:00+00:00
94,f4f4f2e8e8e8bbbfca495464,#F4F4F2,#E8E8E8,#BBBFCA,#495464,17620,"5 years",https://colorhunt.co/palette/f4f4f2e8e8e8bbbfca495464,popular,4000,2026-09-15T10:15:00+00:00
95,968c83d6d2c4fff5eaf7dad9,#968C83,#D6D2C4,#FFF5EA,#F7DAD9,17617,"5 years",https://colorhunt.co/palette/968c83d6d2c4fff5eaf7dad9,popular,4000,2026-09-15T10:15:00+00:00
96,faf8f1faeab1e5ba73c58940,#FAF8F1,#FAEAB1,#E5BA73,#C58940,17579,"3 years",https://colorhunt.co/palette/faf8f1faeab1e5ba73c58940,popular,4000,2026-09-15T10:15:00+00:00
97,faf3e0eabf9fb689731e212d,#FAF3E0,#EABF9F,#B68973,#1E212D,17550,"5 years",https://colorhunt.co/palette/faf3e0eabf9fb689731e212d,popular,4000,2026-09-15T10:15:00+00:00
98,f5e8c7deba9d9e77776f4c5b,#F5E8C7,#DEBA9D,#9E7777,#6F4C5B,17506,"5 years",https://colorhunt.co/palette/f5e8c7deba9d9e77776f4c5b,popular,4000,2026-09-15T10:15:00+00:00
99,98ddcad5ecc2ffd3b4ffaaa7,#98DDCA,#D5ECC2,#FFD3B4,#FFAAA7,17459,"5 years",https://colorhunt.co/palette/98ddcad5ecc2ffd3b4ffaaa7,popular,4000,2026-09-15T10:15:00+00:00
100,faf1e4cedebd9eb384435334,#FAF1E4,#CEDEBD,#9EB384,#435334,17398,"3 years",https://colorhunt.co/palette/faf1e4cedebd9eb384435334,popular,4000,2026-09-15T10:15:00+00:00
